split,dataset,pair_type,utterance_source_emotion,video_source_emotion,pair_count,unique_utterances,unique_videos,minimum_donor_reuse,maximum_donor_reuse
dev,matrix,original_aligned,anger,anger,153,153,153,1,1
dev,matrix,cross_class_conflict,anger,disgust,153,153,22,6,7
dev,matrix,cross_class_conflict,anger,fear,153,153,40,3,4
dev,matrix,cross_class_conflict,anger,joy,153,153,153,1,1
dev,matrix,cross_class_conflict,anger,neutral,153,153,153,1,1
dev,matrix,cross_class_conflict,anger,sadness,153,153,111,1,2
dev,matrix,cross_class_conflict,anger,surprise,153,153,150,1,2
dev,matrix,cross_class_conflict,disgust,anger,22,22,22,1,1
dev,matrix,original_aligned,disgust,disgust,22,22,22,1,1
dev,matrix,cross_class_conflict,disgust,fear,22,22,22,1,1
dev,matrix,cross_class_conflict,disgust,joy,22,22,22,1,1
dev,matrix,cross_class_conflict,disgust,neutral,22,22,22,1,1
dev,matrix,cross_class_conflict,disgust,sadness,22,22,22,1,1
dev,matrix,cross_class_conflict,disgust,surprise,22,22,22,1,1
dev,matrix,cross_class_conflict,fear,anger,40,40,40,1,1
dev,matrix,cross_class_conflict,fear,disgust,40,40,22,1,2
dev,matrix,original_aligned,fear,fear,40,40,40,1,1
dev,matrix,cross_class_conflict,fear,joy,40,40,40,1,1
dev,matrix,cross_class_conflict,fear,neutral,40,40,40,1,1
dev,matrix,cross_class_conflict,fear,sadness,40,40,40,1,1
dev,matrix,cross_class_conflict,fear,surprise,40,40,40,1,1
dev,matrix,cross_class_conflict,joy,anger,163,163,153,1,2
dev,matrix,cross_class_conflict,joy,disgust,163,163,22,7,8
dev,matrix,cross_class_conflict,joy,fear,163,163,40,4,5
dev,matrix,original_aligned,joy,joy,163,163,163,1,1
dev,matrix,cross_class_conflict,joy,neutral,163,163,163,1,1
dev,matrix,cross_class_conflict,joy,sadness,163,163,111,1,2
dev,matrix,cross_class_conflict,joy,surprise,163,163,150,1,2
dev,matrix,cross_class_conflict,neutral,anger,469,469,153,3,4
dev,matrix,cross_class_conflict,neutral,disgust,469,469,22,21,22
dev,matrix,cross_class_conflict,neutral,fear,469,469,40,11,12
dev,matrix,cross_class_conflict,neutral,joy,469,469,163,2,3
dev,matrix,original_aligned,neutral,neutral,469,469,469,1,1
dev,matrix,cross_class_conflict,neutral,sadness,469,469,111,4,5
dev,matrix,cross_class_conflict,neutral,surprise,469,469,150,3,4
dev,matrix,cross_class_conflict,sadness,anger,111,111,111,1,1
dev,matrix,cross_class_conflict,sadness,disgust,111,111,22,5,6
dev,matrix,cross_class_conflict,sadness,fear,111,111,40,2,3
dev,matrix,cross_class_conflict,sadness,joy,111,111,111,1,1
dev,matrix,cross_class_conflict,sadness,neutral,111,111,111,1,1
dev,matrix,original_aligned,sadness,sadness,111,111,111,1,1
dev,matrix,cross_class_conflict,sadness,surprise,111,111,111,1,1
dev,matrix,cross_class_conflict,surprise,anger,150,150,150,1,1
dev,matrix,cross_class_conflict,surprise,disgust,150,150,22,6,7
dev,matrix,cross_class_conflict,surprise,fear,150,150,40,3,4
dev,matrix,cross_class_conflict,surprise,joy,150,150,150,1,1
dev,matrix,cross_class_conflict,surprise,neutral,150,150,150,1,1
dev,matrix,cross_class_conflict,surprise,sadness,150,150,111,1,2
dev,matrix,original_aligned,surprise,surprise,150,150,150,1,1
dev,same_class_controls,same_class_replacement,anger,anger,153,153,153,1,1
dev,same_class_controls,same_class_replacement,disgust,disgust,22,22,22,1,1
dev,same_class_controls,same_class_replacement,fear,fear,40,40,40,1,1
dev,same_class_controls,same_class_replacement,joy,joy,163,163,163,1,1
dev,same_class_controls,same_class_replacement,neutral,neutral,469,469,469,1,1
dev,same_class_controls,same_class_replacement,sadness,sadness,111,111,111,1,1
dev,same_class_controls,same_class_replacement,surprise,surprise,150,150,150,1,1
test,matrix,original_aligned,anger,anger,345,345,345,1,1
test,matrix,cross_class_conflict,anger,disgust,345,345,68,5,6
test,matrix,cross_class_conflict,anger,fear,345,345,50,6,7
test,matrix,cross_class_conflict,anger,joy,345,345,345,1,1
test,matrix,cross_class_conflict,anger,neutral,345,345,345,1,1
test,matrix,cross_class_conflict,anger,sadness,345,345,208,1,2
test,matrix,cross_class_conflict,anger,surprise,345,345,281,1,2
test,matrix,cross_class_conflict,disgust,anger,68,68,68,1,1
test,matrix,original_aligned,disgust,disgust,68,68,68,1,1
test,matrix,cross_class_conflict,disgust,fear,68,68,50,1,2
test,matrix,cross_class_conflict,disgust,joy,68,68,68,1,1
test,matrix,cross_class_conflict,disgust,neutral,68,68,68,1,1
test,matrix,cross_class_conflict,disgust,sadness,68,68,68,1,1
test,matrix,cross_class_conflict,disgust,surprise,68,68,68,1,1
test,matrix,cross_class_conflict,fear,anger,50,50,50,1,1
test,matrix,cross_class_conflict,fear,disgust,50,50,50,1,1
test,matrix,original_aligned,fear,fear,50,50,50,1,1
test,matrix,cross_class_conflict,fear,joy,50,50,50,1,1
test,matrix,cross_class_conflict,fear,neutral,50,50,50,1,1
test,matrix,cross_class_conflict,fear,sadness,50,50,50,1,1
test,matrix,cross_class_conflict,fear,surprise,50,50,50,1,1
test,matrix,cross_class_conflict,joy,anger,402,402,345,1,2
test,matrix,cross_class_conflict,joy,disgust,402,402,68,5,6
test,matrix,cross_class_conflict,joy,fear,402,402,50,8,9
test,matrix,original_aligned,joy,joy,402,402,402,1,1
test,matrix,cross_class_conflict,joy,neutral,402,402,402,1,1
test,matrix,cross_class_conflict,joy,sadness,402,402,208,1,2
test,matrix,cross_class_conflict,joy,surprise,402,402,281,1,2
test,matrix,cross_class_conflict,neutral,anger,1256,1256,345,3,4
test,matrix,cross_class_conflict,neutral,disgust,1256,1256,68,18,19
test,matrix,cross_class_conflict,neutral,fear,1256,1256,50,25,26
test,matrix,cross_class_conflict,neutral,joy,1256,1256,402,3,4
test,matrix,original_aligned,neutral,neutral,1256,1256,1256,1,1
test,matrix,cross_class_conflict,neutral,sadness,1256,1256,208,6,7
test,matrix,cross_class_conflict,neutral,surprise,1256,1256,281,4,5
test,matrix,cross_class_conflict,sadness,anger,208,208,208,1,1
test,matrix,cross_class_conflict,sadness,disgust,208,208,68,3,4
test,matrix,cross_class_conflict,sadness,fear,208,208,50,4,5
test,matrix,cross_class_conflict,sadness,joy,208,208,208,1,1
test,matrix,cross_class_conflict,sadness,neutral,208,208,208,1,1
test,matrix,original_aligned,sadness,sadness,208,208,208,1,1
test,matrix,cross_class_conflict,sadness,surprise,208,208,208,1,1
test,matrix,cross_class_conflict,surprise,anger,281,281,281,1,1
test,matrix,cross_class_conflict,surprise,disgust,281,281,68,4,5
test,matrix,cross_class_conflict,surprise,fear,281,281,50,5,6
test,matrix,cross_class_conflict,surprise,joy,281,281,281,1,1
test,matrix,cross_class_conflict,surprise,neutral,281,281,281,1,1
test,matrix,cross_class_conflict,surprise,sadness,281,281,208,1,2
test,matrix,original_aligned,surprise,surprise,281,281,281,1,1
test,same_class_controls,same_class_replacement,anger,anger,345,345,345,1,1
test,same_class_controls,same_class_replacement,disgust,disgust,68,68,68,1,1
test,same_class_controls,same_class_replacement,fear,fear,50,50,50,1,1
test,same_class_controls,same_class_replacement,joy,joy,402,402,402,1,1
test,same_class_controls,same_class_replacement,neutral,neutral,1256,1256,1256,1,1
test,same_class_controls,same_class_replacement,sadness,sadness,208,208,208,1,1
test,same_class_controls,same_class_replacement,surprise,surprise,281,281,281,1,1
