alpha_video,beta_text,dev_accuracy,dev_macro_f1,dev_weighted_f1,test_accuracy,test_macro_f1,test_weighted_f1,dev_support,test_support
0.00,1.00,0.5381,0.3363,0.4788,0.5891,0.3450,0.5314,1102,2599
0.10,0.90,0.5318,0.3251,0.4638,0.5891,0.3350,0.5229,1102,2599
0.20,0.80,0.5200,0.2904,0.4368,0.5887,0.3274,0.5153,1102,2599
0.30,0.70,0.5254,0.2713,0.4381,0.5864,0.3055,0.5037,1102,2599
0.40,0.60,0.5191,0.2605,0.4258,0.5718,0.2687,0.4797,1102,2599
0.50,0.50,0.5118,0.2449,0.4086,0.5629,0.2440,0.4635,1102,2599
0.60,0.40,0.4973,0.2174,0.3815,0.5421,0.2088,0.4308,1102,2599
0.70,0.30,0.4791,0.1920,0.3557,0.5233,0.1852,0.4056,1102,2599
0.80,0.20,0.4501,0.1523,0.3194,0.5029,0.1648,0.3779,1102,2599
0.90,0.10,0.4347,0.1391,0.3016,0.4817,0.1297,0.3451,1102,2599
1.00,0.00,0.4093,0.1234,0.2816,0.4613,0.1157,0.3269,1102,2599
